<?xml version="1.0" encoding="UTF-8"?>
<project-private xmlns="http://www.netbeans.org/ns/project-private/1">
    <editor-bookmarks xmlns="http://www.netbeans.org/ns/editor-bookmarks/2" lastBookmarkId="0"/>
    <open-files xmlns="http://www.netbeans.org/ns/projectui-open-files/2">
        <group>
            <file>file:/Users/davidkelly/Downloads/AffableBean/web/WEB-INF/view/category.jsp</file>
            <file>file:/Users/davidkelly/Downloads/AffableBean/src/java/entity/OrderedProductPK.java</file>
            <file>file:/Users/davidkelly/Downloads/AffableBean/web/index.jsp</file>
            <file>file:/Users/davidkelly/Downloads/AffableBean/src/java/resources/messages_en.properties</file>
            <file>file:/Users/davidkelly/Downloads/AffableBean/web/admin/login.jsp</file>
            <file>file:/Users/davidkelly/Downloads/AffableBean/web/admin/error.jsp</file>
            <file>file:/Users/davidkelly/Downloads/AffableBean/src/java/session/OrderedProductFacade.java</file>
            <file>file:/Users/davidkelly/Downloads/AffableBean/src/java/entity/Product.java</file>
            <file>file:/Users/davidkelly/Downloads/AffableBean/src/java/validate/Validator.java</file>
            <file>file:/Users/davidkelly/Downloads/AffableBean/src/java/session/AbstractFacade.java</file>
            <file>file:/Users/davidkelly/Downloads/AffableBean/web/admin/index.jsp</file>
            <file>file:/Users/davidkelly/Downloads/AffableBean/web/WEB-INF/sun-web.xml</file>
            <file>file:/Users/davidkelly/Downloads/AffableBean/src/java/resources/messages.properties</file>
            <file>file:/Users/davidkelly/Downloads/AffableBean/src/java/session/OrderManager.java</file>
            <file>file:/Users/davidkelly/Downloads/AffableBean/src/java/session/CustomerOrderFacade.java</file>
            <file>file:/Users/davidkelly/Downloads/AffableBean/src/java/controller/ControllerServlet.java</file>
            <file>file:/Users/davidkelly/Downloads/AffableBean/src/java/entity/Category.java</file>
            <file>file:/Users/davidkelly/Downloads/AffableBean/web/admin/jspf/header.jspf</file>
            <file>file:/Users/davidkelly/Downloads/AffableBean/web/WEB-INF/jspf/error/404.jspf</file>
            <file>file:/Users/davidkelly/Downloads/AffableBean/src/java/session/ProductFacade.java</file>
            <file>file:/Users/davidkelly/Downloads/AffableBean/src/java/entity/OrderedProduct.java</file>
            <file>file:/Users/davidkelly/Downloads/AffableBean/web/WEB-INF/jspf/error/403.jspf</file>
            <file>file:/Users/davidkelly/Downloads/AffableBean/src/java/entity/Customer.java</file>
            <file>file:/Users/davidkelly/Downloads/AffableBean/src/java/resources/messages_cs.properties</file>
            <file>file:/Users/davidkelly/Downloads/AffableBean/src/java/session/CategoryFacade.java</file>
            <file>file:/Users/davidkelly/Downloads/AffableBean/web/WEB-INF/web.xml</file>
            <file>file:/Users/davidkelly/Downloads/AffableBean/src/java/cart/ShoppingCart.java</file>
            <file>file:/Users/davidkelly/Downloads/AffableBean/src/java/filter/SessionTimeoutFilter.java</file>
            <file>file:/Users/davidkelly/Downloads/AffableBean/src/java/cart/ShoppingCartItem.java</file>
            <file>file:/Users/davidkelly/Downloads/AffableBean/web/WEB-INF/view/cart.jsp</file>
            <file>file:/Users/davidkelly/Downloads/AffableBean/web/WEB-INF/jspf/error/500.jspf</file>
            <file>file:/Users/davidkelly/Downloads/AffableBean/web/WEB-INF/jspf/header.jspf</file>
            <file>file:/Users/davidkelly/Downloads/AffableBean/src/java/entity/CustomerOrder.java</file>
            <file>file:/Users/davidkelly/Downloads/AffableBean/web/test/TestDataSource.jsp</file>
            <file>file:/Users/davidkelly/Downloads/AffableBean/web/WEB-INF/jspf/footer.jspf</file>
            <file>file:/Users/davidkelly/Downloads/AffableBean/src/java/controller/AdminServlet.java</file>
        </group>
    </open-files>
</project-private>
