<?xml version="1.0" encoding="UTF-8"?>
<!DOCTYPE sun-web-app PUBLIC "-//Sun Microsystems, Inc.//DTD Application Server 9.0 Servlet 2.5//EN" "http://www.sun.com/software/appserver/dtds/sun-web-app_2_5-0.dtd">

<sun-web-app error-url="">
  <context-root>/AffableBean</context-root>
  <jsp-config>
    <property name="keepgenerated" value="true">
      <description>Keep a copy of the generated servlet class' java code.</description>
    </property>
  </jsp-config>
  <!-- 'Default Principal To Role Mapping' enabled in GF Admin Console, so this entry is not required -->
  <!--<security-role-mapping>
        <role-name>affableBeanAdmin</role-name>
        <group-name>affableBeanAdmin</group-name>
    </security-role-mapping>-->
</sun-web-app>
