	[
		{
			"name" : "Antrim",
			"code" : "An"
		},
		{
			"name" : "Armagh",
			"code" : "Ar"
		},
		{
			"name" : "Carlow",
			"code" : "Ca"
		},
		{
			"name" : "Cavan",
			"code" : "Cv"
		},
		{
			"name" : "Clare",
			"code" : "Cl"
		},
		{
			"name" : "Cork",
			"code" : "Co"
		},
		{
			"name" : "Donegal",
			"code" : "Do"
		},
		{
			"name" : "Down",
			"code" : "Dw"
		},
		{
			"name" : "Dublin",
			"code" : "Du"
		},
		{
			"name" : "Fermanagh",
			"code" : "Fe"
		},
		{
			"name" : "Galway",
			"code" : "Ga"
		},
		{
			"name" : "Kerry",
			"code" : "Ke"
		},
		{
			"name" : "Kildare",
			"code" : "Ki"
		},
		{
			"name" : "Kilkenny",
			"code" : "Ki"
		},
		{
			"name" : "Laois",
			"code" : "La"
		},
		{
			"name" : "Leitrim",
			"code" : "Le"
		},
		{
			"name" : "Limerick",
			"code" : "Li"
		},
		{
			"name" : "Londonderry",
			"code" : "Lo"
		},
		{
			"name" : "Longford",
			"code" : "Lg"
		},
		{
			"name" : "Louth",
			"code" : "Lu"
		},
		{
			"name" : "Mayo",
			"code" : "Ma"
		},
		{
			"name" : "Meath",
			"code" : "Me"
		},
		{
			"name" : "Monaghan",
			"code" : "Mo"
		},
		{
			"name" : "Offaly",
			"code" : "Of"
		},
		{
			"name" : "Roscommon",
			"code" : "Ro"
		},
		{
			"name" : "Sligo",
			"code" : "Sl"
		},
		{
			"name" : "Tipperary",
			"code" : "Ti"
		},
		{
			"name" : "Tyrone",
			"code" : "Ty"
		},
		{
			"name" : "Waterford",
			"code" : "Wa"
		},
		{
			"name" : "Westmeath",
			"code" : "We"
		},
		{
			"name" : "Wexford",
			"code" : "We"
		},
		{
			"name" : "Wicklow",
			"code" : "Wi"
		}
	]